{"episode_rewards": [-111.22289123535089, 5.60000000000001], "best_reward": 5.60000000000001, "final_epsilon": 0.01, "last_episode": 1}