#{"t_start": 1739497257.1244512, "env_id": "supertuxkart/full-v0"}
r,l,t
-55.702191,1500,22.322495
