{"episode_rewards": [-127.99243316650391, -77.5192932128907, -96.35527420044006, -5.80000000000031], "best_reward": -5.80000000000031, "final_epsilon": 0.01, "last_episode": 3}