{"episode_rewards": [-124.44468383789048, -88.27164382934595, -111.78921051025321, -149.9999999999972, -87.98659439086936, -90.96036682128867, -81.76347503662153, -121.93421096801762, -103.31737403869512, -149.99999999999577, -100.99999999999895, -145.31757965087897, 464.2690917968704, -110.02415771484333, -129.44942016601584, -133.87452697753739, -122.9941709518432, -21.76864013671837, -76.68356552124051, -133.69023399352747, -132.3876220703125, -138.4924453735354, 395.683074951169, -77.90106811523432, 25.500823974609865, -136.09648437499985, -118.39508819579792, -77.08414840698232, -95.33043670654239, 609.2342575073031, -149.9999999999954, -149.99999999999577, -109.457421875, -96.13028259277321, -126.99999999999709, -56.54023437500067, -18.865625000000595, -80.5483276367188, -102.01748809814467, -125.31737403869407, -69.71533508300787, -67.18811340332034, -121.7099121093742, -133.84666900634798, -95.57826080322275, 54.351797485356734, -97.22911682128901, -65.49485168457063, -92.23743133544879, -79.81692810058568, -135.89456176757548, -125.99999999999716, -82.30678558349582, -133.04384155273416, -112.70882492065357, -102.87020416259772, -143.26729736327783, -91.68991317749047, -119.0124282836903, 769.4852539062207, -99.98236198425303, -101.99999999999878, -95.39508819579997, -96.72488403320288, -102.99999999999876, -110.3393524169914, -102.99999999999852, 20.110688781737935, 94.91537361144708, -120.87031402587816, -141.05525588988837, -94.66373710632315, -129.13242187499898, -70.14131774902404, -125.7605954408642, -125.99999999999716, -117.01436920165975, -137.27694702148435, -142.65045318603515, -107.08561706542983, -100.73398523330702, 316.60691223143215, -125.99999999999716, -122.06603698730518, -115.29854431152339, -103.00000000000028, -102.99999999999949, -140.85562973022385, -84.64777526855472, 758.2313598632551, -102.9999999999986, -125.99999999999855, -117.77400360107478, -90.02901306152299, -98.01549034118597, -147.14008636474531, -110.23318786621131, -125.67363958358611, -100.16011810302662, -131.9537841796862], "best_reward": 769.4852539062207, "final_epsilon": 0.01, "last_episode": 99}