{"episode_rewards": [-131.97661743164076, 6.420265245437623], "best_reward": 6.420265245437623, "final_epsilon": 0.01, "last_episode": 1}